{"means": [221.81685020268904, 109.30485664019847, 112.51199356249059], "stds": [204.68005828705589, 38.70217291956121, 205.7168262360349]}